answer_id,question_id,subject,modality,answer_file,markmax,examiner_1_mark,examiner_2_mark,examiner_1_ao_marks,examiner_2_ao_marks
eng_0001,english_01,english,typed,answers/english/eng_0001.txt,8,5,5,,
eng_0002,english_01,english,typed,answers/english/eng_0002.txt,8,7,7,,
eng_0003,english_01,english,typed,answers/english/eng_0003.txt,8,4,7,,
eng_0004,english_01,english,typed,answers/english/eng_0004.txt,8,2,3,,
eng_0005,english_01,english,typed,answers/english/eng_0005.txt,8,7,8,,
eng_0006,english_01,english,typed,answers/english/eng_0006.txt,8,4,7,,
eng_0007,english_01,english,typed,answers/english/eng_0007.txt,8,3,6,,
eng_0008,english_01,english,typed,answers/english/eng_0008.txt,8,5,5,,
eng_0009,english_01,english,typed,answers/english/eng_0009.txt,8,8,7,,
eng_0010,english_01,english,typed,answers/english/eng_0010.txt,8,3,6,,
eng_0011,english_01,english,typed,answers/english/eng_0011.txt,8,6,7,,
eng_0012,english_01,english,typed,answers/english/eng_0012.txt,8,7,7,,
eng_0013,english_01,english,typed,answers/english/eng_0013.txt,8,5,5,,
eng_0014,english_01,english,typed,answers/english/eng_0014.txt,8,3,3,,
eng_0015,english_01,english,typed,answers/english/eng_0015.txt,8,5,4,,
eng_0016,english_01,english,typed,answers/english/eng_0016.txt,8,6,5,,
eng_0017,english_01,english,typed,answers/english/eng_0017.txt,8,7,8,,
eng_0018,english_01,english,typed,answers/english/eng_0018.txt,8,4,6,,
eng_0019,english_01,english,typed,answers/english/eng_0019.txt,8,4,3,,
eng_0020,english_01,english,typed,answers/english/eng_0020.txt,8,6,8,,
eng_0021,english_01,english,typed,answers/english/eng_0021.txt,8,4,2,,
eng_0022,english_01,english,typed,answers/english/eng_0022.txt,8,6,6,,
eng_0023,english_01,english,typed,answers/english/eng_0023.txt,8,2,4,,
eng_0024,english_01,english,typed,answers/english/eng_0024.txt,8,7,8,,
eng_0025,english_01,english,typed,answers/english/eng_0025.txt,8,2,2,,
eng_0026,english_01,english,typed,answers/english/eng_0026.txt,8,0,0,,
eng_0027,english_01,english,typed,answers/english/eng_0027.txt,8,2,2,,
eng_0028,english_01,english,typed,answers/english/eng_0028.txt,8,7,7,,
eng_0029,english_01,english,typed,answers/english/eng_0029.txt,8,4,0,,
eng_0030,english_01,english,typed,answers/english/eng_0030.txt,8,5,6,,
eng_0031,english_02,english,typed,answers/english/eng_0031.txt,8,7,7,,
eng_0032,english_02,english,typed,answers/english/eng_0032.txt,8,4,5,,
eng_0033,english_02,english,typed,answers/english/eng_0033.txt,8,4,2,,
eng_0034,english_02,english,typed,answers/english/eng_0034.txt,8,6,5,,
eng_0035,english_02,english,typed,answers/english/eng_0035.txt,8,3,3,,
eng_0036,english_02,english,typed,answers/english/eng_0036.txt,8,4,6,,
eng_0037,english_02,english,typed,answers/english/eng_0037.txt,8,4,6,,
eng_0038,english_02,english,typed,answers/english/eng_0038.txt,8,3,4,,
eng_0039,english_02,english,typed,answers/english/eng_0039.txt,8,0,0,,
eng_0040,english_02,english,typed,answers/english/eng_0040.txt,8,4,5,,
eng_0041,english_02,english,typed,answers/english/eng_0041.txt,8,6,6,,
eng_0042,english_02,english,typed,answers/english/eng_0042.txt,8,4,0,,
eng_0043,english_02,english,typed,answers/english/eng_0043.txt,8,5,6,,
eng_0044,english_02,english,typed,answers/english/eng_0044.txt,8,4,2,,
eng_0045,english_02,english,typed,answers/english/eng_0045.txt,8,8,8,,
eng_0046,english_02,english,typed,answers/english/eng_0046.txt,8,5,6,,
eng_0047,english_02,english,typed,answers/english/eng_0047.txt,8,7,7,,
eng_0048,english_02,english,typed,answers/english/eng_0048.txt,8,2,2,,
eng_0049,english_02,english,typed,answers/english/eng_0049.txt,8,3,5,,
eng_0050,english_02,english,typed,answers/english/eng_0050.txt,8,6,8,,
eng_0051,english_02,english,typed,answers/english/eng_0051.txt,8,2,1,,
eng_0052,english_02,english,typed,answers/english/eng_0052.txt,8,8,6,,
eng_0053,english_02,english,typed,answers/english/eng_0053.txt,8,7,8,,
eng_0054,english_02,english,typed,answers/english/eng_0054.txt,8,2,1,,
eng_0055,english_02,english,typed,answers/english/eng_0055.txt,8,5,5,,
eng_0056,english_02,english,typed,answers/english/eng_0056.txt,8,3,3,,
eng_0057,english_02,english,typed,answers/english/eng_0057.txt,8,7,8,,
eng_0058,english_02,english,typed,answers/english/eng_0058.txt,8,4,5,,
eng_0059,english_02,english,typed,answers/english/eng_0059.txt,8,7,7,,
eng_0060,english_02,english,typed,answers/english/eng_0060.txt,8,4,6,,
eng_0061,english_06,english,typed,answers/english/eng_0061.txt,20,13,20,,
eng_0062,english_06,english,typed,answers/english/eng_0062.txt,20,5,7,,
eng_0063,english_06,english,typed,answers/english/eng_0063.txt,20,12,17,,
eng_0064,english_06,english,typed,answers/english/eng_0064.txt,20,17,17,,
eng_0065,english_06,english,typed,answers/english/eng_0065.txt,20,15,15,,
eng_0066,english_06,english,typed,answers/english/eng_0066.txt,20,0,0,,
eng_0067,english_06,english,typed,answers/english/eng_0067.txt,20,11,11,,
eng_0068,english_06,english,typed,answers/english/eng_0068.txt,20,15,13,,
eng_0069,english_06,english,typed,answers/english/eng_0069.txt,20,17,16,,
eng_0070,english_06,english,typed,answers/english/eng_0070.txt,20,16,14,,
eng_0071,english_06,english,typed,answers/english/eng_0071.txt,20,9,13,,
eng_0072,english_06,english,typed,answers/english/eng_0072.txt,20,14,7,,
eng_0073,english_06,english,typed,answers/english/eng_0073.txt,20,11,13,,
eng_0074,english_06,english,typed,answers/english/eng_0074.txt,20,2,2,,
eng_0075,english_06,english,typed,answers/english/eng_0075.txt,20,9,10,,
eng_0076,english_06,english,typed,answers/english/eng_0076.txt,20,3,2,,
eng_0077,english_06,english,typed,answers/english/eng_0077.txt,20,16,16,,
eng_0078,english_06,english,typed,answers/english/eng_0078.txt,20,5,9,,
eng_0079,english_06,english,typed,answers/english/eng_0079.txt,20,13,13,,
eng_0080,english_06,english,typed,answers/english/eng_0080.txt,20,19,20,,
eng_0081,english_06,english,typed,answers/english/eng_0081.txt,20,16,12,,
eng_0082,english_06,english,typed,answers/english/eng_0082.txt,20,11,14,,
eng_0083,english_06,english,typed,answers/english/eng_0083.txt,20,5,7,,
eng_0084,english_06,english,typed,answers/english/eng_0084.txt,20,7,9,,
eng_0085,english_06,english,typed,answers/english/eng_0085.txt,20,17,19,,
eng_0086,english_06,english,typed,answers/english/eng_0086.txt,20,10,6,,
eng_0087,english_06,english,typed,answers/english/eng_0087.txt,20,17,17,,
eng_0088,english_06,english,typed,answers/english/eng_0088.txt,20,0,0,,
eng_0089,english_06,english,typed,answers/english/eng_0089.txt,20,16,20,,
eng_0090,english_06,english,typed,answers/english/eng_0090.txt,20,15,11,,
eng_0091,english_07,english,typed,answers/english/eng_0091.txt,40,23,38,AO5:16;AO6:7,AO5:24;AO6:14
eng_0092,english_07,english,typed,answers/english/eng_0092.txt,40,28,31,AO5:15;AO6:13,AO5:19;AO6:12
eng_0093,english_07,english,typed,answers/english/eng_0093.txt,40,13,19,AO5:8;AO6:5,AO5:12;AO6:7
eng_0094,english_07,english,typed,answers/english/eng_0094.txt,40,22,28,AO5:14;AO6:8,AO5:18;AO6:10
eng_0095,english_07,english,typed,answers/english/eng_0095.txt,40,27,27,AO5:14;AO6:13,AO5:17;AO6:10
eng_0096,english_07,english,typed,answers/english/eng_0096.txt,40,35,35,AO5:22;AO6:13,AO5:22;AO6:13
eng_0097,english_07,english,typed,answers/english/eng_0097.txt,40,28,25,AO5:16;AO6:12,AO5:15;AO6:10
eng_0098,english_07,english,typed,answers/english/eng_0098.txt,40,24,22,AO5:15;AO6:9,AO5:14;AO6:8
eng_0099,english_07,english,typed,answers/english/eng_0099.txt,40,19,19,AO5:11;AO6:8,AO5:12;AO6:7
eng_0100,english_07,english,typed,answers/english/eng_0100.txt,40,24,26,AO5:14;AO6:10,AO5:16;AO6:10
eng_0101,english_07,english,typed,answers/english/eng_0101.txt,40,3,5,AO5:2;AO6:1,AO5:3;AO6:2
eng_0102,english_07,english,typed,answers/english/eng_0102.txt,40,37,34,AO5:22;AO6:15,AO5:22;AO6:12
eng_0103,english_07,english,typed,answers/english/eng_0103.txt,40,25,33,AO5:12;AO6:13,AO5:20;AO6:13
eng_0104,english_07,english,typed,answers/english/eng_0104.txt,40,4,3,AO5:0;AO6:4,AO5:2;AO6:1
eng_0105,english_07,english,typed,answers/english/eng_0105.txt,40,26,16,AO5:13;AO6:13,AO5:9;AO6:7
eng_0106,english_07,english,typed,answers/english/eng_0106.txt,40,27,19,AO5:13;AO6:14,AO5:12;AO6:7
eng_0107,english_07,english,typed,answers/english/eng_0107.txt,40,27,16,AO5:13;AO6:14,AO5:10;AO6:6
eng_0108,english_07,english,typed,answers/english/eng_0108.txt,40,32,27,AO5:18;AO6:14,AO5:15;AO6:12
eng_0109,english_07,english,typed,answers/english/eng_0109.txt,40,31,33,AO5:16;AO6:15,AO5:19;AO6:14
eng_0110,english_07,english,typed,answers/english/eng_0110.txt,40,37,29,AO5:22;AO6:15,AO5:17;AO6:12
eng_0111,english_07,english,typed,answers/english/eng_0111.txt,40,40,34,AO5:24;AO6:16,AO5:20;AO6:14
eng_0112,english_07,english,typed,answers/english/eng_0112.txt,40,37,32,AO5:22;AO6:15,AO5:20;AO6:12
eng_0113,english_07,english,typed,answers/english/eng_0113.txt,40,14,20,AO5:8;AO6:6,AO5:13;AO6:7
eng_0114,english_07,english,typed,answers/english/eng_0114.txt,40,25,30,AO5:18;AO6:7,AO5:20;AO6:10
eng_0115,english_07,english,typed,answers/english/eng_0115.txt,40,18,22,AO5:8;AO6:10,AO5:12;AO6:10
eng_0116,english_07,english,typed,answers/english/eng_0116.txt,40,40,36,AO5:24;AO6:16,AO5:22;AO6:14
eng_0117,english_07,english,typed,answers/english/eng_0117.txt,40,23,25,AO5:14;AO6:9,AO5:16;AO6:9
eng_0118,english_07,english,typed,answers/english/eng_0118.txt,40,23,25,AO5:14;AO6:9,AO5:15;AO6:10
eng_0119,english_07,english,typed,answers/english/eng_0119.txt,40,32,30,AO5:19;AO6:13,AO5:17;AO6:13
eng_0120,english_07,english,typed,answers/english/eng_0120.txt,40,21,16,AO5:8;AO6:13,AO5:6;AO6:10
eng_0121,english_03,english,typed,answers/english/eng_0121.txt,8,2,2,,
eng_0122,english_03,english,typed,answers/english/eng_0122.txt,8,6,7,,
eng_0123,english_03,english,typed,answers/english/eng_0123.txt,8,4,5,,
eng_0124,english_03,english,typed,answers/english/eng_0124.txt,8,5,4,,
eng_0125,english_03,english,typed,answers/english/eng_0125.txt,8,0,0,,
eng_0126,english_03,english,typed,answers/english/eng_0126.txt,8,8,7,,
eng_0127,english_03,english,typed,answers/english/eng_0127.txt,8,8,6,,
eng_0128,english_03,english,typed,answers/english/eng_0128.txt,8,2,1,,
eng_0129,english_03,english,typed,answers/english/eng_0129.txt,8,7,8,,
eng_0130,english_03,english,typed,answers/english/eng_0130.txt,8,0,0,,
eng_0131,english_03,english,typed,answers/english/eng_0131.txt,8,6,3,,
eng_0132,english_03,english,typed,answers/english/eng_0132.txt,8,8,7,,
eng_0133,english_03,english,typed,answers/english/eng_0133.txt,8,6,6,,
eng_0134,english_03,english,typed,answers/english/eng_0134.txt,8,7,5,,
eng_0135,english_03,english,typed,answers/english/eng_0135.txt,8,7,7,,
eng_0136,english_03,english,typed,answers/english/eng_0136.txt,8,6,6,,
eng_0137,english_03,english,typed,answers/english/eng_0137.txt,8,6,5,,
eng_0138,english_03,english,typed,answers/english/eng_0138.txt,8,5,4,,
eng_0139,english_03,english,typed,answers/english/eng_0139.txt,8,4,6,,
eng_0140,english_03,english,typed,answers/english/eng_0140.txt,8,5,5,,
eng_0141,english_03,english,typed,answers/english/eng_0141.txt,8,7,7,,
eng_0142,english_03,english,typed,answers/english/eng_0142.txt,8,4,4,,
eng_0143,english_03,english,typed,answers/english/eng_0143.txt,8,8,7,,
eng_0144,english_03,english,typed,answers/english/eng_0144.txt,8,8,7,,
eng_0145,english_03,english,typed,answers/english/eng_0145.txt,8,5,5,,
eng_0146,english_03,english,typed,answers/english/eng_0146.txt,8,4,6,,
eng_0147,english_03,english,typed,answers/english/eng_0147.txt,8,7,7,,
eng_0148,english_03,english,typed,answers/english/eng_0148.txt,8,7,8,,
eng_0149,english_03,english,typed,answers/english/eng_0149.txt,8,7,7,,
eng_0150,english_03,english,typed,answers/english/eng_0150.txt,8,5,5,,
eng_0151,english_04,english,typed,answers/english/eng_0151.txt,12,11,11,,
eng_0152,english_04,english,typed,answers/english/eng_0152.txt,12,11,11,,
eng_0153,english_04,english,typed,answers/english/eng_0153.txt,12,6,7,,
eng_0154,english_04,english,typed,answers/english/eng_0154.txt,12,7,6,,
eng_0155,english_04,english,typed,answers/english/eng_0155.txt,12,9,8,,
eng_0156,english_04,english,typed,answers/english/eng_0156.txt,12,9,10,,
eng_0157,english_04,english,typed,answers/english/eng_0157.txt,12,5,4,,
eng_0158,english_04,english,typed,answers/english/eng_0158.txt,12,3,8,,
eng_0159,english_04,english,typed,answers/english/eng_0159.txt,12,1,0,,
eng_0160,english_04,english,typed,answers/english/eng_0160.txt,12,5,5,,
eng_0161,english_04,english,typed,answers/english/eng_0161.txt,12,5,4,,
eng_0162,english_04,english,typed,answers/english/eng_0162.txt,12,5,5,,
eng_0163,english_04,english,typed,answers/english/eng_0163.txt,12,10,12,,
eng_0164,english_04,english,typed,answers/english/eng_0164.txt,12,4,4,,
eng_0165,english_04,english,typed,answers/english/eng_0165.txt,12,8,7,,
eng_0166,english_04,english,typed,answers/english/eng_0166.txt,12,7,7,,
eng_0167,english_04,english,typed,answers/english/eng_0167.txt,12,0,0,,
eng_0168,english_04,english,typed,answers/english/eng_0168.txt,12,8,6,,
eng_0169,english_04,english,typed,answers/english/eng_0169.txt,12,8,10,,
eng_0170,english_04,english,typed,answers/english/eng_0170.txt,12,10,8,,
eng_0171,english_04,english,typed,answers/english/eng_0171.txt,12,10,10,,
eng_0172,english_04,english,typed,answers/english/eng_0172.txt,12,5,3,,
eng_0173,english_04,english,typed,answers/english/eng_0173.txt,12,9,11,,
eng_0174,english_04,english,typed,answers/english/eng_0174.txt,12,9,8,,
eng_0175,english_04,english,typed,answers/english/eng_0175.txt,12,12,12,,
eng_0176,english_04,english,typed,answers/english/eng_0176.txt,12,6,5,,
eng_0177,english_04,english,typed,answers/english/eng_0177.txt,12,10,8,,
eng_0178,english_04,english,typed,answers/english/eng_0178.txt,12,2,1,,
eng_0179,english_04,english,typed,answers/english/eng_0179.txt,12,7,7,,
eng_0180,english_04,english,typed,answers/english/eng_0180.txt,12,8,9,,
eng_0181,english_05,english,typed,answers/english/eng_0181.txt,16,15,14,,
eng_0182,english_05,english,typed,answers/english/eng_0182.txt,16,15,15,,
eng_0183,english_05,english,typed,answers/english/eng_0183.txt,16,9,6,,
eng_0184,english_05,english,typed,answers/english/eng_0184.txt,16,12,15,,
eng_0185,english_05,english,typed,answers/english/eng_0185.txt,16,10,14,,
eng_0186,english_05,english,typed,answers/english/eng_0186.txt,16,8,6,,
eng_0187,english_05,english,typed,answers/english/eng_0187.txt,16,4,4,,
eng_0188,english_05,english,typed,answers/english/eng_0188.txt,16,11,13,,
eng_0189,english_05,english,typed,answers/english/eng_0189.txt,16,8,9,,
eng_0190,english_05,english,typed,answers/english/eng_0190.txt,16,8,10,,
eng_0191,english_05,english,typed,answers/english/eng_0191.txt,16,13,14,,
eng_0192,english_05,english,typed,answers/english/eng_0192.txt,16,0,0,,
eng_0193,english_05,english,typed,answers/english/eng_0193.txt,16,9,12,,
eng_0194,english_05,english,typed,answers/english/eng_0194.txt,16,5,8,,
eng_0195,english_05,english,typed,answers/english/eng_0195.txt,16,1,1,,
eng_0196,english_05,english,typed,answers/english/eng_0196.txt,16,11,10,,
eng_0197,english_05,english,typed,answers/english/eng_0197.txt,16,14,8,,
eng_0198,english_05,english,typed,answers/english/eng_0198.txt,16,0,0,,
eng_0199,english_05,english,typed,answers/english/eng_0199.txt,16,15,15,,
eng_0200,english_05,english,typed,answers/english/eng_0200.txt,16,11,7,,
eng_0201,english_05,english,typed,answers/english/eng_0201.txt,16,10,12,,
eng_0202,english_05,english,typed,answers/english/eng_0202.txt,16,10,13,,
eng_0203,english_05,english,typed,answers/english/eng_0203.txt,16,5,8,,
eng_0204,english_05,english,typed,answers/english/eng_0204.txt,16,12,14,,
eng_0205,english_05,english,typed,answers/english/eng_0205.txt,16,15,16,,
eng_0206,english_05,english,typed,answers/english/eng_0206.txt,16,13,13,,
eng_0207,english_05,english,typed,answers/english/eng_0207.txt,16,7,7,,
eng_0208,english_05,english,typed,answers/english/eng_0208.txt,16,8,7,,
eng_0209,english_05,english,typed,answers/english/eng_0209.txt,16,7,7,,
eng_0210,english_05,english,typed,answers/english/eng_0210.txt,16,0,1,,
eng_0211,english_08,english,typed,answers/english/eng_0211.txt,40,36,28,AO5:23;AO6:13,AO5:20;AO6:8
eng_0212,english_08,english,typed,answers/english/eng_0212.txt,40,35,36,AO5:20;AO6:15,AO5:22;AO6:14
eng_0213,english_08,english,typed,answers/english/eng_0213.txt,40,23,31,AO5:15;AO6:8,AO5:18;AO6:13
eng_0214,english_08,english,typed,answers/english/eng_0214.txt,40,17,22,AO5:11;AO6:6,AO5:13;AO6:9
eng_0215,english_08,english,typed,answers/english/eng_0215.txt,40,23,23,AO5:14;AO6:9,AO5:14;AO6:9
eng_0216,english_08,english,typed,answers/english/eng_0216.txt,40,5,25,AO5:3;AO6:2,AO5:15;AO6:10
eng_0217,english_08,english,typed,answers/english/eng_0217.txt,40,26,32,AO5:16;AO6:10,AO5:20;AO6:12
eng_0218,english_08,english,typed,answers/english/eng_0218.txt,40,22,27,AO5:13;AO6:9,AO5:13;AO6:14
eng_0219,english_08,english,typed,answers/english/eng_0219.txt,40,17,16,AO5:11;AO6:6,AO5:8;AO6:8
eng_0220,english_08,english,typed,answers/english/eng_0220.txt,40,39,40,AO5:24;AO6:15,AO5:24;AO6:16
eng_0221,english_08,english,typed,answers/english/eng_0221.txt,40,33,36,AO5:20;AO6:13,AO5:21;AO6:15
eng_0222,english_08,english,typed,answers/english/eng_0222.txt,40,0,12,AO5:0;AO6:0,AO5:0;AO6:12
eng_0223,english_08,english,typed,answers/english/eng_0223.txt,40,27,34,AO5:16;AO6:11,AO5:21;AO6:13
eng_0224,english_08,english,typed,answers/english/eng_0224.txt,40,34,40,AO5:20;AO6:14,AO5:24;AO6:16
eng_0225,english_08,english,typed,answers/english/eng_0225.txt,40,29,37,AO5:18;AO6:11,AO5:22;AO6:15
eng_0226,english_08,english,typed,answers/english/eng_0226.txt,40,21,23,AO5:13;AO6:8,AO5:14;AO6:9
eng_0227,english_08,english,typed,answers/english/eng_0227.txt,40,36,34,AO5:22;AO6:14,AO5:20;AO6:14
eng_0228,english_08,english,typed,answers/english/eng_0228.txt,40,26,29,AO5:16;AO6:10,AO5:19;AO6:10
eng_0229,english_08,english,typed,answers/english/eng_0229.txt,40,25,25,AO5:14;AO6:11,AO5:17;AO6:8
eng_0230,english_08,english,typed,answers/english/eng_0230.txt,40,17,24,AO5:10;AO6:7,AO5:16;AO6:8
eng_0231,english_08,english,typed,answers/english/eng_0231.txt,40,23,30,AO5:14;AO6:9,AO5:20;AO6:10
eng_0232,english_08,english,typed,answers/english/eng_0232.txt,40,17,17,AO5:10;AO6:7,AO5:8;AO6:9
eng_0233,english_08,english,typed,answers/english/eng_0233.txt,40,12,14,AO5:7;AO6:5,AO5:8;AO6:6
eng_0234,english_08,english,typed,answers/english/eng_0234.txt,40,38,33,AO5:23;AO6:15,AO5:21;AO6:12
eng_0235,english_08,english,typed,answers/english/eng_0235.txt,40,35,27,AO5:21;AO6:14,AO5:16;AO6:11
eng_0236,english_08,english,typed,answers/english/eng_0236.txt,40,36,39,AO5:22;AO6:14,AO5:23;AO6:16
eng_0237,english_08,english,typed,answers/english/eng_0237.txt,40,13,13,AO5:8;AO6:5,AO5:7;AO6:6
eng_0238,english_08,english,typed,answers/english/eng_0238.txt,40,34,29,AO5:21;AO6:13,AO5:19;AO6:10
eng_0239,english_08,english,typed,answers/english/eng_0239.txt,40,21,17,AO5:13;AO6:8,AO5:9;AO6:8
eng_0240,english_08,english,typed,answers/english/eng_0240.txt,40,21,21,AO5:14;AO6:7,AO5:13;AO6:8
maths_0001,maths_06,maths,hw,answers/maths/maths_0001.png,3,3,3,,
maths_0002,maths_06,maths,hw,answers/maths/maths_0002.png,3,1,1,,
maths_0003,maths_06,maths,hw,answers/maths/maths_0003.png,3,3,3,,
maths_0004,maths_06,maths,hw,answers/maths/maths_0004.png,3,0,0,,
maths_0005,maths_06,maths,hw,answers/maths/maths_0005.png,3,3,3,,
maths_0006,maths_06,maths,hw,answers/maths/maths_0006.png,3,1,1,,
maths_0007,maths_06,maths,hw,answers/maths/maths_0007.png,3,0,0,,
maths_0008,maths_06,maths,hw,answers/maths/maths_0008.png,3,3,3,,
maths_0009,maths_06,maths,hw,answers/maths/maths_0009.png,3,0,0,,
maths_0010,maths_06,maths,hw,answers/maths/maths_0010.png,3,0,0,,
maths_0011,maths_06,maths,hw,answers/maths/maths_0011.png,3,1,3,,
maths_0012,maths_06,maths,hw,answers/maths/maths_0012.png,3,3,3,,
maths_0013,maths_06,maths,hw,answers/maths/maths_0013.png,3,1,2,,
maths_0014,maths_06,maths,hw,answers/maths/maths_0014.png,3,3,3,,
maths_0015,maths_06,maths,hw,answers/maths/maths_0015.png,3,1,2,,
maths_0016,maths_06,maths,hw,answers/maths/maths_0016.png,3,1,0,,
maths_0017,maths_06,maths,hw,answers/maths/maths_0017.png,3,2,2,,
maths_0018,maths_06,maths,hw,answers/maths/maths_0018.png,3,0,0,,
maths_0019,maths_06,maths,hw,answers/maths/maths_0019.png,3,2,2,,
maths_0020,maths_06,maths,hw,answers/maths/maths_0020.png,3,2,2,,
maths_0021,maths_01,maths,hw,answers/maths/maths_0021.png,1,1,1,,
maths_0022,maths_01,maths,hw,answers/maths/maths_0022.png,1,1,1,,
maths_0023,maths_01,maths,hw,answers/maths/maths_0023.png,1,0,0,,
maths_0024,maths_01,maths,hw,answers/maths/maths_0024.png,1,1,1,,
maths_0025,maths_01,maths,hw,answers/maths/maths_0025.png,1,1,1,,
maths_0026,maths_01,maths,hw,answers/maths/maths_0026.png,1,0,0,,
maths_0027,maths_01,maths,hw,answers/maths/maths_0027.png,1,0,0,,
maths_0028,maths_01,maths,hw,answers/maths/maths_0028.png,1,1,1,,
maths_0029,maths_01,maths,hw,answers/maths/maths_0029.png,1,0,1,,
maths_0030,maths_01,maths,hw,answers/maths/maths_0030.png,1,1,1,,
maths_0031,maths_01,maths,hw,answers/maths/maths_0031.png,1,0,0,,
maths_0032,maths_01,maths,hw,answers/maths/maths_0032.png,1,1,1,,
maths_0033,maths_01,maths,hw,answers/maths/maths_0033.png,1,0,0,,
maths_0034,maths_01,maths,hw,answers/maths/maths_0034.png,1,0,0,,
maths_0035,maths_01,maths,hw,answers/maths/maths_0035.png,1,1,1,,
maths_0036,maths_01,maths,hw,answers/maths/maths_0036.png,1,0,0,,
maths_0037,maths_01,maths,hw,answers/maths/maths_0037.png,1,1,1,,
maths_0038,maths_01,maths,hw,answers/maths/maths_0038.png,1,1,1,,
maths_0039,maths_01,maths,hw,answers/maths/maths_0039.png,1,0,0,,
maths_0040,maths_01,maths,hw,answers/maths/maths_0040.png,1,0,0,,
maths_0041,maths_07,maths,hw,answers/maths/maths_0041.png,3,2,3,,
maths_0042,maths_07,maths,hw,answers/maths/maths_0042.png,3,3,2,,
maths_0043,maths_07,maths,hw,answers/maths/maths_0043.png,3,3,2,,
maths_0044,maths_07,maths,hw,answers/maths/maths_0044.png,3,0,0,,
maths_0045,maths_07,maths,hw,answers/maths/maths_0045.png,3,3,2,,
maths_0046,maths_07,maths,hw,answers/maths/maths_0046.png,3,0,2,,
maths_0047,maths_07,maths,hw,answers/maths/maths_0047.png,3,0,2,,
maths_0048,maths_07,maths,hw,answers/maths/maths_0048.png,3,0,0,,
maths_0049,maths_07,maths,hw,answers/maths/maths_0049.png,3,0,0,,
maths_0050,maths_07,maths,hw,answers/maths/maths_0050.png,3,0,0,,
maths_0051,maths_07,maths,hw,answers/maths/maths_0051.png,3,3,2,,
maths_0052,maths_07,maths,hw,answers/maths/maths_0052.png,3,3,3,,
maths_0053,maths_07,maths,hw,answers/maths/maths_0053.png,3,3,2,,
maths_0054,maths_07,maths,hw,answers/maths/maths_0054.png,3,0,2,,
maths_0055,maths_07,maths,hw,answers/maths/maths_0055.png,3,0,0,,
maths_0056,maths_07,maths,hw,answers/maths/maths_0056.png,3,0,2,,
maths_0057,maths_07,maths,hw,answers/maths/maths_0057.png,3,3,3,,
maths_0058,maths_07,maths,hw,answers/maths/maths_0058.png,3,3,3,,
maths_0059,maths_07,maths,hw,answers/maths/maths_0059.png,3,3,3,,
maths_0060,maths_07,maths,hw,answers/maths/maths_0060.png,3,3,3,,
maths_0061,maths_08,maths,hw,answers/maths/maths_0061.png,3,2,2,,
maths_0062,maths_08,maths,hw,answers/maths/maths_0062.png,3,3,3,,
maths_0063,maths_08,maths,hw,answers/maths/maths_0063.png,3,1,1,,
maths_0064,maths_08,maths,hw,answers/maths/maths_0064.png,3,1,1,,
maths_0065,maths_08,maths,hw,answers/maths/maths_0065.png,3,0,0,,
maths_0066,maths_08,maths,hw,answers/maths/maths_0066.png,3,0,0,,
maths_0067,maths_08,maths,hw,answers/maths/maths_0067.png,3,3,3,,
maths_0068,maths_08,maths,hw,answers/maths/maths_0068.png,3,1,0,,
maths_0069,maths_08,maths,hw,answers/maths/maths_0069.png,3,1,1,,
maths_0070,maths_08,maths,hw,answers/maths/maths_0070.png,3,3,1,,
maths_0071,maths_08,maths,hw,answers/maths/maths_0071.png,3,3,3,,
maths_0072,maths_08,maths,hw,answers/maths/maths_0072.png,3,0,0,,
maths_0073,maths_08,maths,hw,answers/maths/maths_0073.png,3,1,2,,
maths_0074,maths_08,maths,hw,answers/maths/maths_0074.png,3,1,1,,
maths_0075,maths_08,maths,hw,answers/maths/maths_0075.png,3,1,1,,
maths_0076,maths_08,maths,hw,answers/maths/maths_0076.png,3,3,0,,
maths_0077,maths_08,maths,hw,answers/maths/maths_0077.png,3,1,0,,
maths_0078,maths_08,maths,hw,answers/maths/maths_0078.png,3,3,1,,
maths_0079,maths_08,maths,hw,answers/maths/maths_0079.png,3,3,3,,
maths_0080,maths_08,maths,hw,answers/maths/maths_0080.png,3,3,3,,
maths_0081,maths_11,maths,hw,answers/maths/maths_0081.png,5,3,4,,
maths_0082,maths_11,maths,hw,answers/maths/maths_0082.png,5,2,4,,
maths_0083,maths_11,maths,hw,answers/maths/maths_0083.png,5,2,0,,
maths_0084,maths_11,maths,hw,answers/maths/maths_0084.png,5,0,0,,
maths_0085,maths_11,maths,hw,answers/maths/maths_0085.png,5,2,3,,
maths_0086,maths_11,maths,hw,answers/maths/maths_0086.png,5,1,3,,
maths_0087,maths_11,maths,hw,answers/maths/maths_0087.png,5,3,4,,
maths_0088,maths_11,maths,hw,answers/maths/maths_0088.png,5,3,3,,
maths_0089,maths_11,maths,hw,answers/maths/maths_0089.png,5,0,0,,
maths_0090,maths_11,maths,hw,answers/maths/maths_0090.png,5,3,3,,
maths_0091,maths_11,maths,hw,answers/maths/maths_0091.png,5,1,2,,
maths_0092,maths_11,maths,hw,answers/maths/maths_0092.png,5,5,5,,
maths_0093,maths_11,maths,hw,answers/maths/maths_0093.png,5,5,5,,
maths_0094,maths_11,maths,hw,answers/maths/maths_0094.png,5,5,5,,
maths_0095,maths_11,maths,hw,answers/maths/maths_0095.png,5,2,3,,
maths_0096,maths_11,maths,hw,answers/maths/maths_0096.png,5,3,3,,
maths_0097,maths_11,maths,hw,answers/maths/maths_0097.png,5,0,0,,
maths_0098,maths_11,maths,hw,answers/maths/maths_0098.png,5,3,4,,
maths_0099,maths_11,maths,hw,answers/maths/maths_0099.png,5,0,0,,
maths_0100,maths_11,maths,hw,answers/maths/maths_0100.png,5,3,4,,
maths_0101,maths_09,maths,hw,answers/maths/maths_0101.png,4,1,1,,
maths_0102,maths_09,maths,hw,answers/maths/maths_0102.png,4,4,4,,
maths_0103,maths_09,maths,hw,answers/maths/maths_0103.png,4,4,4,,
maths_0104,maths_09,maths,hw,answers/maths/maths_0104.png,4,1,1,,
maths_0105,maths_09,maths,hw,answers/maths/maths_0105.png,4,2,0,,
maths_0106,maths_09,maths,hw,answers/maths/maths_0106.png,4,0,0,,
maths_0107,maths_09,maths,hw,answers/maths/maths_0107.png,4,2,3,,
maths_0108,maths_09,maths,hw,answers/maths/maths_0108.png,4,4,4,,
maths_0109,maths_09,maths,hw,answers/maths/maths_0109.png,4,0,2,,
maths_0110,maths_09,maths,hw,answers/maths/maths_0110.png,4,1,0,,
maths_0111,maths_09,maths,hw,answers/maths/maths_0111.png,4,1,4,,
maths_0112,maths_09,maths,hw,answers/maths/maths_0112.png,4,1,2,,
maths_0113,maths_09,maths,hw,answers/maths/maths_0113.png,4,2,2,,
maths_0114,maths_09,maths,hw,answers/maths/maths_0114.png,4,4,4,,
maths_0115,maths_09,maths,hw,answers/maths/maths_0115.png,4,1,0,,
maths_0116,maths_09,maths,hw,answers/maths/maths_0116.png,4,2,0,,
maths_0117,maths_09,maths,hw,answers/maths/maths_0117.png,4,0,0,,
maths_0118,maths_09,maths,hw,answers/maths/maths_0118.png,4,1,4,,
maths_0119,maths_09,maths,hw,answers/maths/maths_0119.png,4,4,4,,
maths_0120,maths_09,maths,hw,answers/maths/maths_0120.png,4,0,0,,
maths_0121,maths_02,maths,hw,answers/maths/maths_0121.png,1,0,0,,
maths_0122,maths_02,maths,hw,answers/maths/maths_0122.png,1,1,1,,
maths_0123,maths_02,maths,hw,answers/maths/maths_0123.png,1,1,1,,
maths_0124,maths_02,maths,hw,answers/maths/maths_0124.png,1,1,1,,
maths_0125,maths_02,maths,hw,answers/maths/maths_0125.png,1,0,0,,
maths_0126,maths_02,maths,hw,answers/maths/maths_0126.png,1,1,1,,
maths_0127,maths_02,maths,hw,answers/maths/maths_0127.png,1,1,1,,
maths_0128,maths_02,maths,hw,answers/maths/maths_0128.png,1,0,0,,
maths_0129,maths_02,maths,hw,answers/maths/maths_0129.png,1,1,1,,
maths_0130,maths_02,maths,hw,answers/maths/maths_0130.png,1,0,0,,
maths_0131,maths_02,maths,hw,answers/maths/maths_0131.png,1,1,1,,
maths_0132,maths_02,maths,hw,answers/maths/maths_0132.png,1,0,0,,
maths_0133,maths_02,maths,hw,answers/maths/maths_0133.png,1,1,0,,
maths_0134,maths_02,maths,hw,answers/maths/maths_0134.png,1,0,0,,
maths_0135,maths_02,maths,hw,answers/maths/maths_0135.png,1,0,0,,
maths_0136,maths_02,maths,hw,answers/maths/maths_0136.png,1,0,0,,
maths_0137,maths_02,maths,hw,answers/maths/maths_0137.png,1,1,1,,
maths_0138,maths_02,maths,hw,answers/maths/maths_0138.png,1,1,1,,
maths_0139,maths_02,maths,hw,answers/maths/maths_0139.png,1,1,1,,
maths_0140,maths_02,maths,hw,answers/maths/maths_0140.png,1,0,0,,
maths_0141,maths_03,maths,hw,answers/maths/maths_0141.png,2,2,2,,
maths_0142,maths_03,maths,hw,answers/maths/maths_0142.png,2,2,2,,
maths_0143,maths_03,maths,hw,answers/maths/maths_0143.png,2,0,0,,
maths_0144,maths_03,maths,hw,answers/maths/maths_0144.png,2,1,0,,
maths_0145,maths_03,maths,hw,answers/maths/maths_0145.png,2,1,0,,
maths_0146,maths_03,maths,hw,answers/maths/maths_0146.png,2,0,2,,
maths_0147,maths_03,maths,hw,answers/maths/maths_0147.png,2,2,2,,
maths_0148,maths_03,maths,hw,answers/maths/maths_0148.png,2,2,2,,
maths_0149,maths_03,maths,hw,answers/maths/maths_0149.png,2,1,0,,
maths_0150,maths_03,maths,hw,answers/maths/maths_0150.png,2,2,2,,
maths_0151,maths_03,maths,hw,answers/maths/maths_0151.png,2,2,2,,
maths_0152,maths_03,maths,hw,answers/maths/maths_0152.png,2,0,2,,
maths_0153,maths_03,maths,hw,answers/maths/maths_0153.png,2,0,0,,
maths_0154,maths_03,maths,hw,answers/maths/maths_0154.png,2,0,0,,
maths_0155,maths_03,maths,hw,answers/maths/maths_0155.png,2,0,0,,
maths_0156,maths_03,maths,hw,answers/maths/maths_0156.png,2,2,2,,
maths_0157,maths_03,maths,hw,answers/maths/maths_0157.png,2,2,2,,
maths_0158,maths_03,maths,hw,answers/maths/maths_0158.png,2,0,0,,
maths_0159,maths_03,maths,hw,answers/maths/maths_0159.png,2,0,0,,
maths_0160,maths_03,maths,hw,answers/maths/maths_0160.png,2,2,2,,
maths_0161,maths_04,maths,hw,answers/maths/maths_0161.png,2,1,0,,
maths_0162,maths_04,maths,hw,answers/maths/maths_0162.png,2,2,2,,
maths_0163,maths_04,maths,hw,answers/maths/maths_0163.png,2,1,0,,
maths_0164,maths_04,maths,hw,answers/maths/maths_0164.png,2,1,1,,
maths_0165,maths_04,maths,hw,answers/maths/maths_0165.png,2,2,2,,
maths_0166,maths_04,maths,hw,answers/maths/maths_0166.png,2,0,0,,
maths_0167,maths_04,maths,hw,answers/maths/maths_0167.png,2,0,0,,
maths_0168,maths_04,maths,hw,answers/maths/maths_0168.png,2,0,0,,
maths_0169,maths_04,maths,hw,answers/maths/maths_0169.png,2,1,1,,
maths_0170,maths_04,maths,hw,answers/maths/maths_0170.png,2,2,2,,
maths_0171,maths_04,maths,hw,answers/maths/maths_0171.png,2,1,1,,
maths_0172,maths_04,maths,hw,answers/maths/maths_0172.png,2,1,1,,
maths_0173,maths_04,maths,hw,answers/maths/maths_0173.png,2,1,2,,
maths_0174,maths_04,maths,hw,answers/maths/maths_0174.png,2,2,2,,
maths_0175,maths_04,maths,hw,answers/maths/maths_0175.png,2,2,1,,
maths_0176,maths_04,maths,hw,answers/maths/maths_0176.png,2,1,0,,
maths_0177,maths_04,maths,hw,answers/maths/maths_0177.png,2,2,0,,
maths_0178,maths_04,maths,hw,answers/maths/maths_0178.png,2,0,0,,
maths_0179,maths_04,maths,hw,answers/maths/maths_0179.png,2,1,1,,
maths_0180,maths_04,maths,hw,answers/maths/maths_0180.png,2,0,0,,
maths_0181,maths_12,maths,hw,answers/maths/maths_0181.png,5,4,4,,
maths_0182,maths_12,maths,hw,answers/maths/maths_0182.png,5,1,1,,
maths_0183,maths_12,maths,hw,answers/maths/maths_0183.png,5,0,0,,
maths_0184,maths_12,maths,hw,answers/maths/maths_0184.png,5,2,1,,
maths_0185,maths_12,maths,hw,answers/maths/maths_0185.png,5,5,1,,
maths_0186,maths_12,maths,hw,answers/maths/maths_0186.png,5,0,1,,
maths_0187,maths_12,maths,hw,answers/maths/maths_0187.png,5,0,0,,
maths_0188,maths_12,maths,hw,answers/maths/maths_0188.png,5,5,5,,
maths_0189,maths_12,maths,hw,answers/maths/maths_0189.png,5,2,3,,
maths_0190,maths_12,maths,hw,answers/maths/maths_0190.png,5,0,0,,
maths_0191,maths_12,maths,hw,answers/maths/maths_0191.png,5,0,2,,
maths_0192,maths_12,maths,hw,answers/maths/maths_0192.png,5,0,0,,
maths_0193,maths_12,maths,hw,answers/maths/maths_0193.png,5,1,1,,
maths_0194,maths_12,maths,hw,answers/maths/maths_0194.png,5,1,1,,
maths_0195,maths_12,maths,hw,answers/maths/maths_0195.png,5,5,5,,
maths_0196,maths_12,maths,hw,answers/maths/maths_0196.png,5,1,1,,
maths_0197,maths_12,maths,hw,answers/maths/maths_0197.png,5,5,5,,
maths_0198,maths_12,maths,hw,answers/maths/maths_0198.png,5,4,5,,
maths_0199,maths_12,maths,hw,answers/maths/maths_0199.png,5,4,5,,
maths_0200,maths_12,maths,hw,answers/maths/maths_0200.png,5,5,5,,
maths_0201,maths_05,maths,hw,answers/maths/maths_0201.png,2,1,1,,
maths_0202,maths_05,maths,hw,answers/maths/maths_0202.png,2,1,2,,
maths_0203,maths_05,maths,hw,answers/maths/maths_0203.png,2,1,2,,
maths_0204,maths_05,maths,hw,answers/maths/maths_0204.png,2,1,1,,
maths_0205,maths_05,maths,hw,answers/maths/maths_0205.png,2,0,0,,
maths_0206,maths_05,maths,hw,answers/maths/maths_0206.png,2,1,1,,
maths_0207,maths_05,maths,hw,answers/maths/maths_0207.png,2,1,0,,
maths_0208,maths_05,maths,hw,answers/maths/maths_0208.png,2,0,0,,
maths_0209,maths_05,maths,hw,answers/maths/maths_0209.png,2,0,0,,
maths_0210,maths_05,maths,hw,answers/maths/maths_0210.png,2,1,2,,
maths_0211,maths_05,maths,hw,answers/maths/maths_0211.png,2,0,0,,
maths_0212,maths_05,maths,hw,answers/maths/maths_0212.png,2,0,0,,
maths_0213,maths_05,maths,hw,answers/maths/maths_0213.png,2,1,1,,
maths_0214,maths_05,maths,hw,answers/maths/maths_0214.png,2,2,2,,
maths_0215,maths_05,maths,hw,answers/maths/maths_0215.png,2,1,1,,
maths_0216,maths_05,maths,hw,answers/maths/maths_0216.png,2,1,1,,
maths_0217,maths_05,maths,hw,answers/maths/maths_0217.png,2,1,0,,
maths_0218,maths_05,maths,hw,answers/maths/maths_0218.png,2,1,1,,
maths_0219,maths_05,maths,hw,answers/maths/maths_0219.png,2,2,2,,
maths_0220,maths_05,maths,hw,answers/maths/maths_0220.png,2,2,2,,
maths_0221,maths_10,maths,hw,answers/maths/maths_0221.png,4,3,3,,
maths_0222,maths_10,maths,hw,answers/maths/maths_0222.png,4,4,4,,
maths_0223,maths_10,maths,hw,answers/maths/maths_0223.png,4,0,0,,
maths_0224,maths_10,maths,hw,answers/maths/maths_0224.png,4,1,1,,
maths_0225,maths_10,maths,hw,answers/maths/maths_0225.png,4,3,2,,
maths_0226,maths_10,maths,hw,answers/maths/maths_0226.png,4,4,4,,
maths_0227,maths_10,maths,hw,answers/maths/maths_0227.png,4,1,1,,
maths_0228,maths_10,maths,hw,answers/maths/maths_0228.png,4,4,4,,
maths_0229,maths_10,maths,hw,answers/maths/maths_0229.png,4,1,2,,
maths_0230,maths_10,maths,hw,answers/maths/maths_0230.png,4,0,0,,
maths_0231,maths_10,maths,hw,answers/maths/maths_0231.png,4,0,0,,
maths_0232,maths_10,maths,hw,answers/maths/maths_0232.png,4,4,4,,
maths_0233,maths_10,maths,hw,answers/maths/maths_0233.png,4,3,3,,
maths_0234,maths_10,maths,hw,answers/maths/maths_0234.png,4,1,1,,
maths_0235,maths_10,maths,hw,answers/maths/maths_0235.png,4,4,4,,
maths_0236,maths_10,maths,hw,answers/maths/maths_0236.png,4,1,1,,
maths_0237,maths_10,maths,hw,answers/maths/maths_0237.png,4,4,0,,
maths_0238,maths_10,maths,hw,answers/maths/maths_0238.png,4,0,0,,
maths_0239,maths_10,maths,hw,answers/maths/maths_0239.png,4,0,0,,
maths_0240,maths_10,maths,hw,answers/maths/maths_0240.png,4,1,1,,
